<?xml version='1.0' encoding='UTF-8' ?>
<timeLogEntries>
  <time id="1" path="/Proyecto" start="@1614626752156" delta="1" />
  <time id="2" path="/No Proyecto" start="@1614626776560" interrupt="1" />
  <time id="3" path="/psp0/PSP0/Planning" start="@1615325091961" delta="3" interrupt="1" />
  <time id="4" path="/psp0/PSP0/Design" start="@1615325340292" delta="3" />
  <time id="5" path="/psp0/PSP0/Code" start="@1615325576847" delta="9" comment="pausa para comer" />
  <time id="6" path="/psp0/PSP0/Code" start="@1615327643671" delta="7" />
  <time id="7" path="/psp0/PSP0/Test" start="@1615338131174" delta="9" />
  <time id="8" path="/psp0/PSP0/Postmortem" start="@1615338693664" delta="5" interrupt="17" />
  <time id="9" path="/PSP0/PSP0/Planning" start="@1615344306572" delta="5" />
  <time id="10" path="/PSP0/PSP0/Design" start="@1615344614503" delta="2" />
  <time id="11" path="/PSP0/PSP0/Code" start="@1615344729093" delta="13" />
  <time id="12" path="/PSP0/PSP0/Code" start="@1615345348059" interrupt="3" comment="FUI A TOMAR AGUA Y AL BAÑO" />
  <time id="13" path="/PSP0/PSP0/Code" start="@1615346085631" delta="17" />
  <time id="14" path="/PSP0/PSP0/Compile" start="@1615347128163" delta="2" />
  <time id="15" path="/PSP0/PSP0/Compile" start="@1615351613448" delta="3" />
  <time id="16" path="/PSP0/PSP0/Test" start="@1615355330709" delta="1" />
  <time id="17" path="/PSP0/PSP0/Postmortem" start="@1615355354878" delta="1" />
  <time id="18" path="/PSP0.1/PSP0.1/Planning" start="@1616028425279" delta="11" />
  <time id="19" path="/PSP0.1/PSP0.1/Design" start="@1616029068690" delta="5" />
  <time id="20" path="/PSP0.1/PSP0.1/Code" start="@1616029350592" delta="59" />
  <time id="21" path="/PSP0.1/PSP0.1/Code" start="@1616042763127" delta="87" interrupt="2" comment="FUI POR CAFE" />
  <time id="22" path="/PSP0.1/PSP0.1/Compile" start="@1616048130892" delta="14" />
  <time id="23" path="/PSP0.1/PSP0.1/Test" start="@1616048970698" delta="3" />
  <time id="24" path="/PSP0.1/PSP0.1/Postmortem" start="@1616049170754" delta="4" />
  <time id="25" path="/PSP0.1/PSP0.1/Compile" start="@1616050552488" delta="23" />
  <time id="26" path="/PSP0.1/PSP0.1/Postmortem" start="@1616076222817" />
  <time id="27" path="/PSP0.1/PSP0.1/Planning" start="@1616076246990" delta="1" />
  <time id="28" path="/PROGRAMA2/PSP0.1/Planning" start="@1616076603945" delta="12" />
  <time id="29" path="/PROGRAMA2/PSP0.1/Design" start="@1616077294041" delta="7" />
  <time id="30" path="/PROGRAMA2/PSP0.1/Code" start="@1616077719864" delta="38" />
  <time id="31" path="/PROGRAMA2/PSP0.1/Code" start="@1616096445284" delta="107" interrupt="5" comment="fui añ baño" />
  <time id="33" path="/PROGRAMA2/PSP0.1/Compile" start="@1616103196516" delta="21" />
  <time id="34" path="/PROGRAMA2/PSP0.1/Test" start="@1616219451633" delta="4" />
  <time id="35" path="/PROGRAMA2/PSP0.1/Postmortem" start="@1616219682613" delta="4" />
  <time id="42" path="/rep/PSP1/Planning" start="@1618968286497" delta="9" />
  <time id="43" path="/psp1.0/PSP1/Planning" start="@1618968817959" delta="8" />
  <time id="44" path="/psp1.0/PSP1/Planning" start="@1618969286597" delta="1" />
  <time id="45" path="/psp1.0/PSP1/Design" start="@1618969296969" delta="1" />
  <time id="52" path="/PROGRAMA3/PSP1/Planning" start="@1618976272366" delta="5" />
  <time id="53" path="/PROGRAMA3/PSP1/Design" start="@1618976575316" delta="2" />
  <time id="54" path="/PROGRAMA3/PSP1/Code" start="@1618976707101" delta="43" interrupt="5" />
  <time id="55" path="/PROGRAMA3/PSP1/Compile" start="@1618979399195" delta="8" />
  <time id="56" path="/PROGRAMA3/PSP1/Test" start="@1618979888311" delta="2" />
  <time id="57" path="/PROGRAMA3/PSP1/Postmortem" start="@1618979994134" delta="2" />
  <time id="58" path="/PROGRAMA4/PSP1.1/Planning" start="@1619033698950" delta="3" />
  <time id="59" path="/PROGRAMA4/PSP1.1/Design" start="@1619033880303" delta="1" />
  <time id="60" path="/PROGRAMA4/PSP1.1/Code" start="@1619033946570" delta="31" interrupt="7" comment="tomar agua y parada an mingitorio" />
  <time id="61" path="/PROGRAMA4/PSP1.1/Compile" start="@1619036277043" delta="4" />
  <time id="62" path="/PROGRAMA4/PSP1.1/Test" start="@1619036506928" delta="1" />
  <time id="63" path="/PROGRAMA4/PSP1.1/Postmortem" start="@1619036586916" delta="1" />
  <time id="64" path="/PROGRAM4/PSP1.1/Planning" start="@1619038542599" delta="3" />
  <time id="65" path="/PROGRAM4/PSP1.1/Design" start="@1619038734498" delta="2" />
  <time id="66" path="/PROGRAM4/PSP1.1/Code" start="@1619038826161" delta="35" />
  <time id="67" path="/PROGRAM4/PSP1.1/Compile" start="@1619040904750" delta="5" />
  <time id="68" path="/PROGRAM4/PSP1.1/Test" start="@1619041226027" delta="2" />
  <time id="69" path="/PSP1.1/PSP1.1/Planning" start="@1619041333188" delta="4" />
  <time id="70" path="/PSP1.1/PSP1.1/Design" start="@1619041591415" delta="1" />
  <time id="71" path="/PSP1.1/PSP1.1/Code" start="@1619041663855" delta="35" />
  <time id="72" path="/PSP1.1/PSP1.1/Compile" start="@1619043768428" delta="5" />
  <time id="73" path="/PSP1.1/PSP1.1/Test" start="@1619044069163" delta="1" />
  <time id="74" path="/PSP1.1/PSP1.1/Postmortem" start="@1619044116201" delta="1" />
  <time id="75" path="/PROG4/PSP1.1/Planning" start="@1619045106961" delta="2" />
  <time id="76" path="/PROG4/PSP1.1/Design" start="@1619045230417" delta="1" />
  <time id="77" path="/PROG4/PSP1.1/Code" start="@1619045288697" delta="34" />
  <time id="80" path="/PROG4/PSP1.1/Compile" start="@1619047543524" delta="3" />
  <time id="81" path="/PROG4/PSP1.1/Test" start="@1619047697616" delta="1" />
  <time id="82" path="/PROG4/PSP1.1/Postmortem" start="@1619047702004" />
  <time id="83" path="/PROGRA3/PSP1/Planning" start="@1619048336438" delta="5" />
  <time id="84" path="/PROGRA3/PSP1/Design" start="@1619048655438" delta="2" />
  <time id="85" path="/PROGRA3/PSP1/Code" start="@1619048778279" delta="40" />
  <time id="86" path="/PROGRA3/PSP1/Compile" start="@1619051223136" delta="7" />
  <time id="87" path="/PROGRA3/PSP1/Test" start="@1619051614306" delta="2" />
  <time id="88" path="/PROGRA3/PSP1/Postmortem" start="@1619051707382" delta="2" />
  <time id="89" path="/PROGRA4/PSP1.1/Planning" start="@1619052522032" delta="4" />
  <time id="90" path="/PROGRA4/PSP1.1/Design" start="@1619052760399" delta="1" />
  <time id="91" path="/PROGRA4/PSP1.1/Code" start="@1619052863489" delta="35" />
  <time id="92" path="/PROGRA4/PSP1.1/Compile" start="@1619054964848" delta="2" />
  <time id="93" path="/PROGRA4/PSP1.1/Test" start="@1619055103173" delta="1" />
  <time id="94" path="/PROGRA4/PSP1.1/Postmortem" start="@1619055158447" delta="1" />
  <time id="95" path="/PSP5/PSP2/Planning" start="@1621489776689" delta="5" />
  <time id="96" path="/PSP5/PSP2/Design" start="@1621498412319" delta="2" />
  <time id="97" path="/PSP5/PSP2/Design Review" start="@1621498545308" delta="10" />
  <time id="98" path="/PSP5/PSP2/Code" start="@1621499160623" delta="51" />
  <time id="99" path="/PSP5/PSP2/Code Review" start="@1621502201991" delta="10" />
  <time id="100" path="/PSP5/PSP2/Compile" start="@1621502792000" delta="5" />
  <time id="101" path="/PSP5/PSP2/Test" start="@1621503082862" delta="2" />
  <time id="102" path="/PSP5/PSP2/Postmortem" start="@1621503201161" delta="1" />
  <time id="103" path="/PSP5/PSP2/Postmortem" start="@1621503283205" />
  <time id="104" path="/psp6/PSP2.1/Planning" start="@1623736734389" delta="15" interrupt="2" />
  <time id="105" path="/psp6/PSP2.1/Design" start="@1623737746329" delta="4" />
  <time id="106" path="/psp6/PSP2.1/Design Review" start="@1623737986913" delta="1" />
  <time id="107" path="/programa6/PSP2.1/Planning" start="@1623765136689" delta="16" />
  <time id="108" path="/programa6/PSP2.1/Design" start="@1623766112613" delta="6" />
  <time id="109" path="/programa6/PSP2.1/Design Review" start="@1623766488610" delta="4" />
  <time id="110" path="/programa6/PSP2.1/Code" start="@1623766757926" delta="135" />
  <time id="111" path="/programa6/PSP2.1/Code Review" start="@1623774883725" delta="4" />
  <time id="112" path="/programa6/PSP2.1/Compile" start="@1623775128266" delta="5" />
  <time id="113" path="/programa6/PSP2.1/Test" start="@1623775793208" delta="4" />
  <time id="114" path="/programa6/PSP2.1/Postmortem" start="@1623776008735" delta="1" />
  <time id="115" path="/PROGRAMA7/PSP3/Planning" start="@1624859564610" delta="19" />
  <time id="116" path="/PROGRAMA7/PSP3/HLD" start="@1624860710841" delta="20" />
  <time id="117" path="/PROGRAMA7/PSP3/HLD Review" start="@1624861938869" delta="11" />
  <time id="118" path="/PROGRAMA7/PSP3/PSP3cycle/Design" start="@1624862578839" delta="8" />
  <time id="119" path="/PROGRAMA7/PSP3/PSP3cycle/Design Review" start="@1624863048522" delta="6" />
  <time id="120" path="/PROGRAMA7/PSP3/PSP3cycle/Code" start="@1624863391027" delta="98" />
  <time id="121" path="/PROGRAMA7/PSP3/PSP3cycle/Code" start="@1624890190131" delta="82" />
  <time id="122" path="/PROGRAMA7/PSP3/PSP3cycle/Code Review" start="@1624895088986" delta="5" />
  <time id="123" path="/PROGRAMA7/PSP3/PSP3cycle/Compile" start="@1624895386911" delta="2" />
  <time id="124" path="/PROGRAMA7/PSP3/PSP3cycle/Test" start="@1624895529958" delta="4" />
  <time id="125" path="/PROGRAMA7/PSP3/PSP3cycle/Reassessment" start="@1624895779141" delta="2" />
  <time id="126" path="/programa8/PSP for Engineers/Program 8/Planning" start="@1625684891601" delta="11" interrupt="12" />
  <time id="127" path="/programa8/PSP for Engineers/Program 8/Design" start="@1625686309718" delta="10" />
  <time id="128" path="/programa8/PSP for Engineers/Program 8/Design Review" start="@1625686904551" delta="5" />
  <time id="129" path="/programa8/PSP for Engineers/Program 8/Code" start="@1625687206114" delta="139" />
  <time id="130" path="/programa8/PSP for Engineers/Program 8/Code Review" start="@1625695559658" delta="5" />
  <time id="131" path="/programa8/PSP for Engineers/Program 8/Compile" start="@1625695840792" delta="5" />
  <time id="132" path="/programa8/PSP for Engineers/Program 8/Test" start="@1625696116216" delta="5" />
  <time id="133" path="/programa8/PSP for Engineers/Program 8/Postmortem" start="@1625696393463" delta="2" />
  <time id="134" path="/finalreport/PSP for Engineers/Final Report/Planning" start="@1625706936581" delta="25" />
  <time id="135" path="/finalreport/PSP for Engineers/Final Report/Planning" start="@1625710009055" delta="18" />
  <time id="136" path="/finalreport/PSP for Engineers/Final Report/Planning" start="@1625715133247" delta="198" />
  <time id="137" path="/finalreport/PSP for Engineers/Final Report/Postmortem" start="@1625727026729" delta="4" />
</timeLogEntries>
